39.984702,116.318417,0,492,39744.12019,10/23/08,02:53:04,1
39.984683,116.31845,0,492,39744.12025,10/23/08,02:53:10,1
39.984686,116.318417,0,492,39744.12031,10/23/08,02:53:15,1
39.984688,116.318385,0,492,39744.12037,10/23/08,02:53:20,1
39.984655,116.318263,0,492,39744.12043,10/23/08,02:53:25,1
39.984611,116.318026,0,493,39744.12049,10/23/08,02:53:30,1
39.984608,116.317761,0,493,39744.12054,10/23/08,02:53:35,1
39.984563,116.317517,0,496,39744.1206,10/23/08,02:53:40,1
39.984539,116.317294,0,500,39744.12066,10/23/08,02:53:45,1
39.984606,116.317065,0,505,39744.12072,10/23/08,02:53:50,1
39.984568,116.316911,0,510,39744.12078,10/23/08,02:53:55,1
39.984586,116.316716,0,515,39744.12083,10/23/08,02:54:00,1
39.984561,116.316527,0,520,39744.12089,10/23/08,02:54:05,1
39.984536,116.316354,0,525,39744.12095,10/23/08,02:54:10,1
39.984523,116.316188,0,531,39744.12101,10/23/08,02:54:15,1
39.984516,116.315963,0,536,39744.12106,10/23/08,02:54:20,1
39.984523,116.315823,0,541,39744.12112,10/23/08,02:54:25,1
39.984574,116.315611,0,546,39744.12118,10/23/08,02:54:30,1
39.984568,116.315407,0,551,39744.12124,10/23/08,02:54:35,1
39.984538,116.315148,0,556,39744.1213,10/23/08,02:54:40,1
39.984501,116.314907,0,560,39744.12135,10/23/08,02:54:45,1
39.984532,116.314808,0,564,39744.12141,10/23/08,02:54:50,1
39.984504,116.314625,0,569,39744.12147,10/23/08,02:54:55,1
39.984485,116.314426,0,574,39744.12153,10/23/08,02:55:00,1
39.984427,116.31424,0,579,39744.12159,10/23/08,02:55:05,1
39.984485,116.314042,0,584,39744.12164,10/23/08,02:55:10,1
39.98448,116.313818,0,589,39744.1217,10/23/08,02:55:15,1
39.984501,116.313659,0,595,39744.12176,10/23/08,02:55:20,1
39.984618,116.314323,0,113,39744.12182,10/23/08,02:55:25,1
39.984649,116.314107,0,117,39744.12188,10/23/08,02:55:30,1
39.984621,116.313941,0,121,39744.12193,10/23/08,02:55:35,1
39.984655,116.313724,0,126,39744.12199,10/23/08,02:55:40,1
39.984681,116.313521,0,129,39744.12205,10/23/08,02:55:45,1
39.984708,116.313311,0,133,39744.12211,10/23/08,02:55:50,1
39.984708,116.313099,0,137,39744.12216,10/23/08,02:55:55,1
39.984696,116.312921,0,144,39744.12222,10/23/08,02:56:00,1
39.984677,116.312746,0,153,39744.12228,10/23/08,02:56:05,1
39.984682,116.312525,0,155,39744.12234,10/23/08,02:56:10,1
39.984649,116.312332,0,158,39744.1224,10/23/08,02:56:15,1
39.984641,116.312123,0,164,39744.12245,10/23/08,02:56:20,1
39.984647,116.311917,0,170,39744.12251,10/23/08,02:56:25,1
39.984654,116.31172,0,178,39744.12257,10/23/08,02:56:30,1
39.984631,116.311569,0,180,39744.12263,10/23/08,02:56:35,1
39.984647,116.31138,0,184,39744.12269,10/23/08,02:56:40,1
39.984653,116.311189,0,194,39744.12274,10/23/08,02:56:45,1
39.984628,116.311026,0,206,39744.1228,10/23/08,02:56:50,1
39.984652,116.310854,0,214,39744.12286,10/23/08,02:56:55,1
39.984656,116.31066,0,222,39744.12292,10/23/08,02:57:00,1
39.984616,116.310534,0,231,39744.12297,10/23/08,02:57:05,1
39.984676,116.31033,0,235,39744.12303,10/23/08,02:57:10,1
39.984698,116.310063,0,242,39744.12309,10/23/08,02:57:15,1
39.984696,116.309937,0,250,39744.12315,10/23/08,02:57:20,1
39.984663,116.309851,0,260,39744.12321,10/23/08,02:57:25,1
39.984598,116.309749,0,266,39744.12326,10/23/08,02:57:30,1
39.98454,116.309656,0,270,39744.12332,10/23/08,02:57:35,1
39.984525,116.309503,0,271,39744.12338,10/23/08,02:57:40,1
39.984498,116.309348,0,270,39744.12344,10/23/08,02:57:45,1
39.984481,116.309173,0,265,39744.1235,10/23/08,02:57:50,1
39.984489,116.308993,0,261,39744.12355,10/23/08,02:57:55,1
39.98447,116.308827,0,257,39744.12361,10/23/08,02:58:00,1
39.98449,116.308638,0,251,39744.12367,10/23/08,02:58:05,1
39.98449,116.308485,0,247,39744.12373,10/23/08,02:58:10,1
39.984494,116.308351,0,240,39744.12378,10/23/08,02:58:15,1
39.984499,116.308201,0,240,39744.12384,10/23/08,02:58:20,1
39.984484,116.308049,0,244,39744.1239,10/23/08,02:58:25,1
39.984491,116.307902,0,253,39744.12396,10/23/08,02:58:30,1
39.984499,116.307809,0,264,39744.12402,10/23/08,02:58:35,1
39.984472,116.307687,0,272,39744.12407,10/23/08,02:58:40,1
39.984493,116.307548,0,279,39744.12413,10/23/08,02:58:45,1
39.984488,116.307434,0,282,39744.12419,10/23/08,02:58:50,1
39.984427,116.307292,0,281,39744.12425,10/23/08,02:58:55,1
39.984428,116.307126,0,282,39744.12431,10/23/08,02:59:00,1
39.984432,116.306943,0,288,39744.12436,10/23/08,02:59:05,1
39.984425,116.306801,0,284,39744.12442,10/23/08,02:59:10,1
39.984438,116.306633,0,286,39744.12448,10/23/08,02:59:15,1
39.984462,116.306486,0,284,39744.12454,10/23/08,02:59:20,1
39.984466,116.3063,0,285,39744.12459,10/23/08,02:59:25,1
39.984456,116.306047,0,287,39744.12465,10/23/08,02:59:30,1
39.984454,116.305854,0,295,39744.12471,10/23/08,02:59:35,1
39.984412,116.305682,0,297,39744.12477,10/23/08,02:59:40,1
39.98441,116.305466,0,301,39744.12483,10/23/08,02:59:45,1
39.984406,116.305281,0,309,39744.12488,10/23/08,02:59:50,1
39.984393,116.305023,0,314,39744.12494,10/23/08,02:59:55,1
39.984356,116.304909,0,305,39744.125,10/23/08,03:00:00,1
39.984352,116.304704,0,295,39744.12506,10/23/08,03:00:05,1
39.984338,116.304543,0,293,39744.12512,10/23/08,03:00:10,1
39.984338,116.304315,0,291,39744.12517,10/23/08,03:00:15,1
39.984349,116.304083,0,290,39744.12523,10/23/08,03:00:20,1
39.984368,116.303934,0,282,39744.12529,10/23/08,03:00:25,1
39.984437,116.303813,0,257,39744.12535,10/23/08,03:00:30,1
39.984429,116.303672,0,253,39744.12541,10/23/08,03:00:35,1
39.984342,116.303444,0,237,39744.12546,10/23/08,03:00:40,1
39.984365,116.303298,0,236,39744.12552,10/23/08,03:00:45,1
39.984368,116.303132,0,233,39744.12558,10/23/08,03:00:50,1
39.984385,116.30292,0,232,39744.12564,10/23/08,03:00:55,1
39.98438,116.302754,0,240,39744.12569,10/23/08,03:01:00,1
39.984346,116.302601,0,239,39744.12575,10/23/08,03:01:05,1
39.984303,116.302457,0,237,39744.12581,10/23/08,03:01:10,1
39.984344,116.302271,0,233,39744.12587,10/23/08,03:01:15,1
39.984341,116.302094,0,228,39744.12593,10/23/08,03:01:20,1
39.984359,116.301888,0,218,39744.12598,10/23/08,03:01:25,1
39.984379,116.301693,0,208,39744.12604,10/23/08,03:01:30,1
39.984345,116.3015,0,196,39744.1261,10/23/08,03:01:35,1
39.984345,116.301309,0,190,39744.12616,10/23/08,03:01:40,1
39.984338,116.301107,0,184,39744.12622,10/23/08,03:01:45,1
39.984344,116.300877,0,175,39744.12627,10/23/08,03:01:50,1
39.984278,116.300674,0,168,39744.12633,10/23/08,03:01:55,1
39.984276,116.300462,0,153,39744.12639,10/23/08,03:02:00,1
39.984278,116.300307,0,140,39744.12645,10/23/08,03:02:05,1
39.984252,116.300156,0,133,39744.1265,10/23/08,03:02:10,1
39.984288,116.299943,0,131,39744.12656,10/23/08,03:02:15,1
39.984283,116.29981,0,138,39744.12662,10/23/08,03:02:20,1
39.984335,116.299744,0,145,39744.12668,10/23/08,03:02:25,1
39.984312,116.299703,0,153,39744.12674,10/23/08,03:02:30,1
39.984177,116.299699,0,164,39744.12679,10/23/08,03:02:35,1
39.98414,116.299697,0,175,39744.12685,10/23/08,03:02:40,1
39.984204,116.299721,0,180,39744.12691,10/23/08,03:02:45,1
39.984258,116.299736,0,184,39744.12697,10/23/08,03:02:50,1
39.984031,116.299573,0,198,39744.12703,10/23/08,03:02:55,1
39.98379,116.299578,0,212,39744.12708,10/23/08,03:03:00,1
39.983726,116.299566,0,213,39744.12714,10/23/08,03:03:05,1
39.983692,116.299496,0,209,39744.1272,10/23/08,03:03:10,1
39.983685,116.299476,0,207,39744.12726,10/23/08,03:03:15,1
39.983639,116.299425,0,209,39744.12731,10/23/08,03:03:20,1
39.983629,116.299353,0,207,39744.12737,10/23/08,03:03:25,1
39.983641,116.299279,0,215,39744.12743,10/23/08,03:03:30,1
39.983557,116.299235,0,215,39744.12749,10/23/08,03:03:35,1
39.983509,116.299238,0,213,39744.12755,10/23/08,03:03:40,1
39.983413,116.299267,0,211,39744.1276,10/23/08,03:03:45,1
39.983353,116.299305,0,209,39744.12766,10/23/08,03:03:50,1
39.983337,116.299321,0,205,39744.12772,10/23/08,03:03:55,1
39.9833,116.299314,0,204,39744.12778,10/23/08,03:04:00,1
39.9833,116.299314,0,204,39744.12781,10/23/08,03:04:03,1
39.983304,116.299307,0,201,39744.12784,10/23/08,03:04:05,1
39.983279,116.299311,0,199,39744.12789,10/23/08,03:04:10,1
39.983302,116.299302,0,193,39744.12795,10/23/08,03:04:15,1
39.983276,116.299265,0,189,39744.12801,10/23/08,03:04:20,1
39.983322,116.299191,0,188,39744.12807,10/23/08,03:04:25,1
39.983403,116.299147,0,185,39744.12813,10/23/08,03:04:30,1
39.983548,116.299083,0,188,39744.12818,10/23/08,03:04:35,1
39.983675,116.299031,0,194,39744.12824,10/23/08,03:04:40,1
39.983663,116.298932,0,199,39744.1283,10/23/08,03:04:45,1
39.983533,116.298903,0,202,39744.12836,10/23/08,03:04:50,1
39.98359,116.298869,0,204,39744.12841,10/23/08,03:04:55,1
39.983723,116.298825,0,203,39744.12847,10/23/08,03:05:00,1
39.983902,116.298773,0,204,39744.12853,10/23/08,03:05:05,1
39.984045,116.298725,0,206,39744.12859,10/23/08,03:05:10,1
39.984019,116.298663,0,209,39744.12865,10/23/08,03:05:15,1
39.995777,116.286798,0,716,39744.1723,10/23/08,04:08:07,1
39.996832,116.285446,0,276,39744.17236,10/23/08,04:08:12,1
39.984397,116.299292,0,931,39744.17271,10/23/08,04:08:42,1
39.984426,116.299329,0,959,39744.17277,10/23/08,04:08:47,1
39.984499,116.299413,0,983,39744.17282,10/23/08,04:08:52,1
39.984424,116.299467,0,990,39744.17288,10/23/08,04:08:57,1
39.98441,116.299477,0,940,39744.17294,10/23/08,04:09:02,1
39.984421,116.299569,0,928,39744.173,10/23/08,04:09:07,1
39.984518,116.29953,0,902,39744.17306,10/23/08,04:09:12,1
39.984488,116.299645,0,897,39744.17311,10/23/08,04:09:17,1
39.98454,116.299523,0,870,39744.17317,10/23/08,04:09:22,1
39.98446,116.299528,0,891,39744.17323,10/23/08,04:09:27,1
39.984463,116.299508,0,883,39744.17329,10/23/08,04:09:32,1
39.984501,116.299473,0,882,39744.17334,10/23/08,04:09:37,1
39.984532,116.299451,0,879,39744.1734,10/23/08,04:09:42,1
39.984532,116.299451,0,879,39744.17344,10/23/08,04:09:45,1
39.984527,116.299451,0,879,39744.17346,10/23/08,04:09:47,1
39.984517,116.299447,0,879,39744.17352,10/23/08,04:09:52,1
39.984509,116.299438,0,880,39744.17358,10/23/08,04:09:57,1
39.984497,116.299411,0,878,39744.17363,10/23/08,04:10:02,1
39.984499,116.299405,0,879,39744.17369,10/23/08,04:10:07,1
39.984498,116.299407,0,878,39744.17375,10/23/08,04:10:12,1
39.984498,116.299407,0,878,39744.17378,10/23/08,04:10:15,1
39.984493,116.299412,0,878,39744.17381,10/23/08,04:10:17,1
39.984498,116.299466,0,874,39744.17387,10/23/08,04:10:22,1
39.984546,116.29941,0,864,39744.17392,10/23/08,04:10:27,1
39.984638,116.299318,0,857,39744.17398,10/23/08,04:10:32,1
39.98473,116.299315,0,850,39744.17404,10/23/08,04:10:37,1
39.984753,116.299305,0,840,39744.1741,10/23/08,04:10:42,1
39.984789,116.299297,0,829,39744.17416,10/23/08,04:10:47,1
39.984795,116.299391,0,825,39744.17421,10/23/08,04:10:52,1
39.984778,116.299504,0,821,39744.17427,10/23/08,04:10:57,1
39.984743,116.299617,0,818,39744.17433,10/23/08,04:11:02,1
39.984671,116.299625,0,802,39744.17439,10/23/08,04:11:07,1
39.984694,116.299536,0,780,39744.17444,10/23/08,04:11:12,1
39.984733,116.29952,0,769,39744.1745,10/23/08,04:11:17,1
39.983841,116.299902,0,818,39744.17456,10/23/08,04:11:22,1
39.983861,116.300177,0,729,39744.17462,10/23/08,04:11:27,1
39.983842,116.300329,0,646,39744.17468,10/23/08,04:11:32,1
39.983984,116.300308,0,573,39744.17473,10/23/08,04:11:37,1
39.984126,116.300188,0,486,39744.17479,10/23/08,04:11:42,1
39.984246,116.300058,0,411,39744.17485,10/23/08,04:11:47,1
39.984373,116.300019,0,357,39744.17491,10/23/08,04:11:52,1
39.984533,116.300043,0,315,39744.17497,10/23/08,04:11:57,1
39.984723,116.300058,0,261,39744.17502,10/23/08,04:12:02,1
39.984789,116.300151,0,234,39744.17508,10/23/08,04:12:07,1
39.984837,116.300216,0,206,39744.17514,10/23/08,04:12:12,1
39.984859,116.300332,0,195,39744.1752,10/23/08,04:12:17,1
39.984888,116.300514,0,186,39744.17525,10/23/08,04:12:22,1
39.984896,116.300689,0,176,39744.17531,10/23/08,04:12:27,1
39.984905,116.300885,0,167,39744.17537,10/23/08,04:12:32,1
39.984911,116.301049,0,162,39744.17543,10/23/08,04:12:37,1
39.984925,116.301221,0,164,39744.17549,10/23/08,04:12:42,1
39.98493,116.301391,0,163,39744.17554,10/23/08,04:12:47,1
39.984938,116.301568,0,166,39744.1756,10/23/08,04:12:52,1
39.984948,116.301741,0,169,39744.17566,10/23/08,04:12:57,1
39.984945,116.301915,0,177,39744.17572,10/23/08,04:13:02,1
39.984953,116.302055,0,179,39744.17578,10/23/08,04:13:07,1
39.984953,116.302264,0,182,39744.17583,10/23/08,04:13:12,1
39.98496,116.302488,0,183,39744.17589,10/23/08,04:13:17,1
39.984973,116.302679,0,182,39744.17595,10/23/08,04:13:22,1
39.984983,116.30286,0,181,39744.17601,10/23/08,04:13:27,1
39.985009,116.303037,0,180,39744.17606,10/23/08,04:13:32,1
39.985043,116.303258,0,179,39744.17612,10/23/08,04:13:37,1
39.98503,116.303496,0,170,39744.17618,10/23/08,04:13:42,1
39.985039,116.303685,0,176,39744.17624,10/23/08,04:13:47,1
39.985028,116.303884,0,175,39744.1763,10/23/08,04:13:52,1
39.984993,116.304067,0,174,39744.17635,10/23/08,04:13:57,1
39.985027,116.304163,0,177,39744.17641,10/23/08,04:14:02,1
39.985038,116.30426,0,175,39744.17647,10/23/08,04:14:07,1
39.985042,116.304459,0,171,39744.17653,10/23/08,04:14:12,1
39.985029,116.304647,0,175,39744.17659,10/23/08,04:14:17,1
39.985023,116.304811,0,176,39744.17664,10/23/08,04:14:22,1
39.985031,116.304927,0,175,39744.1767,10/23/08,04:14:27,1
39.985082,116.305192,0,177,39744.17676,10/23/08,04:14:32,1
39.985105,116.305348,0,176,39744.17682,10/23/08,04:14:37,1
39.985132,116.305499,0,175,39744.17688,10/23/08,04:14:42,1
39.985169,116.305649,0,183,39744.17693,10/23/08,04:14:47,1
39.985135,116.305834,0,178,39744.17699,10/23/08,04:14:52,1
39.985146,116.305984,0,175,39744.17705,10/23/08,04:14:57,1
39.985131,116.306178,0,174,39744.17711,10/23/08,04:15:02,1
39.985127,116.306363,0,168,39744.17716,10/23/08,04:15:07,1
39.985135,116.306531,0,169,39744.17722,10/23/08,04:15:12,1
39.985157,116.306711,0,166,39744.17728,10/23/08,04:15:17,1
39.98517,116.306893,0,172,39744.17734,10/23/08,04:15:22,1
39.985154,116.307092,0,178,39744.1774,10/23/08,04:15:27,1
39.985184,116.307341,0,176,39744.17745,10/23/08,04:15:32,1
39.98521,116.30751,0,168,39744.17751,10/23/08,04:15:37,1
39.985231,116.307633,0,170,39744.17757,10/23/08,04:15:42,1
39.98526,116.307735,0,175,39744.17763,10/23/08,04:15:47,1
39.98524,116.307933,0,174,39744.17769,10/23/08,04:15:52,1
39.985225,116.308133,0,174,39744.17774,10/23/08,04:15:57,1
39.985256,116.308313,0,176,39744.1778,10/23/08,04:16:02,1
39.985218,116.308579,0,174,39744.17786,10/23/08,04:16:07,1
39.985201,116.308774,0,174,39744.17792,10/23/08,04:16:12,1
39.985203,116.30898,0,173,39744.17797,10/23/08,04:16:17,1
39.985221,116.309152,0,176,39744.17803,10/23/08,04:16:22,1
39.985194,116.30931,0,177,39744.17809,10/23/08,04:16:27,1
39.985161,116.309494,0,177,39744.17815,10/23/08,04:16:32,1
39.98519,116.309701,0,179,39744.17821,10/23/08,04:16:37,1
39.985202,116.309888,0,178,39744.17826,10/23/08,04:16:42,1
39.985282,116.30998,0,172,39744.17832,10/23/08,04:16:47,1
39.985443,116.30998,0,173,39744.17838,10/23/08,04:16:52,1
39.985579,116.309969,0,163,39744.17844,10/23/08,04:16:57,1
39.985721,116.309961,0,159,39744.1785,10/23/08,04:17:02,1
39.98584,116.309941,0,154,39744.17855,10/23/08,04:17:07,1
39.98595,116.309978,0,153,39744.17861,10/23/08,04:17:12,1
39.986051,116.310034,0,152,39744.17867,10/23/08,04:17:17,1
39.986174,116.310025,0,157,39744.17873,10/23/08,04:17:22,1
39.986305,116.309956,0,162,39744.17878,10/23/08,04:17:27,1
39.986461,116.309885,0,151,39744.17884,10/23/08,04:17:32,1
39.986611,116.309862,0,146,39744.1789,10/23/08,04:17:37,1
39.986697,116.309893,0,139,39744.17896,10/23/08,04:17:42,1
39.986793,116.309956,0,129,39744.17902,10/23/08,04:17:47,1
39.986929,116.309974,0,127,39744.17907,10/23/08,04:17:52,1
39.987073,116.309987,0,127,39744.17913,10/23/08,04:17:57,1
39.987211,116.310004,0,128,39744.17919,10/23/08,04:18:02,1
39.987325,116.31007,0,133,39744.17925,10/23/08,04:18:07,1
39.987458,116.310084,0,137,39744.17931,10/23/08,04:18:12,1
39.987591,116.310088,0,145,39744.17936,10/23/08,04:18:17,1
39.987747,116.310049,0,153,39744.17942,10/23/08,04:18:22,1
39.987884,116.310027,0,159,39744.17948,10/23/08,04:18:27,1
39.988008,116.310059,0,176,39744.17954,10/23/08,04:18:32,1
39.988111,116.310052,0,169,39744.17959,10/23/08,04:18:37,1
39.988293,116.309902,0,150,39744.17965,10/23/08,04:18:42,1
39.988397,116.309931,0,150,39744.17971,10/23/08,04:18:47,1
39.988553,116.309866,0,138,39744.17977,10/23/08,04:18:52,1
39.988679,116.309824,0,132,39744.17983,10/23/08,04:18:57,1
39.988772,116.309784,0,123,39744.17988,10/23/08,04:19:02,1
39.988901,116.309793,0,119,39744.17994,10/23/08,04:19:07,1
39.989029,116.309833,0,123,39744.18,10/23/08,04:19:12,1
39.989173,116.309866,0,139,39744.18006,10/23/08,04:19:17,1
39.989287,116.309905,0,141,39744.18012,10/23/08,04:19:22,1
39.989392,116.309949,0,150,39744.18017,10/23/08,04:19:27,1
39.989519,116.310031,0,167,39744.18023,10/23/08,04:19:32,1
39.989628,116.310049,0,178,39744.18029,10/23/08,04:19:37,1
39.989762,116.310024,0,184,39744.18035,10/23/08,04:19:42,1
39.989838,116.310098,0,199,39744.18041,10/23/08,04:19:47,1
39.989981,116.310115,0,181,39744.18046,10/23/08,04:19:52,1
39.990089,116.310169,0,196,39744.18052,10/23/08,04:19:57,1
39.990219,116.310215,0,208,39744.18058,10/23/08,04:20:02,1
39.990325,116.310258,0,215,39744.18064,10/23/08,04:20:07,1
39.990406,116.310277,0,223,39744.18069,10/23/08,04:20:12,1
39.99056,116.31019,0,235,39744.18075,10/23/08,04:20:17,1
39.99065,116.310134,0,232,39744.18081,10/23/08,04:20:22,1
39.990693,116.310114,0,230,39744.18087,10/23/08,04:20:27,1
39.990696,116.310111,0,232,39744.18093,10/23/08,04:20:32,1
39.990698,116.310105,0,232,39744.18098,10/23/08,04:20:37,1
39.990698,116.310103,0,231,39744.18104,10/23/08,04:20:42,1
39.990696,116.310101,0,231,39744.1811,10/23/08,04:20:47,1
39.990695,116.310095,0,230,39744.18116,10/23/08,04:20:52,1
39.990692,116.310092,0,230,39744.18122,10/23/08,04:20:57,1
39.99069,116.31009,0,230,39744.18127,10/23/08,04:21:02,1
39.990689,116.310088,0,230,39744.18133,10/23/08,04:21:07,1
39.990689,116.310087,0,230,39744.18139,10/23/08,04:21:12,1
39.990689,116.310087,0,230,39744.18142,10/23/08,04:21:15,1
39.990696,116.31009,0,230,39744.18145,10/23/08,04:21:17,1
39.990743,116.310066,0,211,39744.1815,10/23/08,04:21:22,1
39.990793,116.310109,0,190,39744.18156,10/23/08,04:21:27,1
39.990837,116.310205,0,178,39744.18162,10/23/08,04:21:32,1
39.990873,116.310318,0,161,39744.18168,10/23/08,04:21:37,1
39.990887,116.310479,0,145,39744.18174,10/23/08,04:21:42,1
39.990874,116.310657,0,134,39744.18179,10/23/08,04:21:47,1
39.990906,116.310827,0,121,39744.18185,10/23/08,04:21:52,1
39.990921,116.310971,0,108,39744.18191,10/23/08,04:21:57,1
39.990933,116.311149,0,99,39744.18197,10/23/08,04:22:02,1
39.990969,116.311312,0,90,39744.18203,10/23/08,04:22:07,1
39.990994,116.311507,0,82,39744.18208,10/23/08,04:22:12,1
39.991014,116.311693,0,73,39744.18214,10/23/08,04:22:17,1
39.99101,116.311915,0,75,39744.1822,10/23/08,04:22:22,1
39.991033,116.312107,0,74,39744.18226,10/23/08,04:22:27,1
39.991055,116.312282,0,78,39744.18231,10/23/08,04:22:32,1
39.991058,116.312473,0,82,39744.18237,10/23/08,04:22:37,1
39.991032,116.312666,0,86,39744.18243,10/23/08,04:22:42,1
39.991024,116.312853,0,86,39744.18249,10/23/08,04:22:47,1
39.991022,116.313047,0,84,39744.18255,10/23/08,04:22:52,1
39.991018,116.313244,0,91,39744.1826,10/23/08,04:22:57,1
39.991016,116.313469,0,99,39744.18266,10/23/08,04:23:02,1
39.991035,116.313681,0,103,39744.18272,10/23/08,04:23:07,1
39.991063,116.31384,0,100,39744.18278,10/23/08,04:23:12,1
39.991072,116.31403,0,98,39744.18284,10/23/08,04:23:17,1
39.991068,116.314209,0,109,39744.18289,10/23/08,04:23:22,1
39.991095,116.314385,0,111,39744.18295,10/23/08,04:23:27,1
39.991113,116.314596,0,112,39744.18301,10/23/08,04:23:32,1
39.991128,116.314797,0,109,39744.18307,10/23/08,04:23:37,1
39.991127,116.315003,0,116,39744.18313,10/23/08,04:23:42,1
39.991148,116.315193,0,120,39744.18318,10/23/08,04:23:47,1
39.991176,116.315342,0,112,39744.18324,10/23/08,04:23:52,1
39.991215,116.315529,0,106,39744.1833,10/23/08,04:23:57,1
39.991209,116.315643,0,106,39744.18336,10/23/08,04:24:02,1
39.991191,116.31579,0,104,39744.18341,10/23/08,04:24:07,1
39.991188,116.315958,0,107,39744.18347,10/23/08,04:24:12,1
39.991189,116.316172,0,102,39744.18353,10/23/08,04:24:17,1
39.991186,116.316381,0,96,39744.18359,10/23/08,04:24:22,1
39.991194,116.316575,0,92,39744.18365,10/23/08,04:24:27,1
39.991208,116.316756,0,87,39744.1837,10/23/08,04:24:32,1
39.99122,116.316999,0,88,39744.18376,10/23/08,04:24:37,1
39.991197,116.317235,0,91,39744.18382,10/23/08,04:24:42,1
39.991183,116.317452,0,94,39744.18388,10/23/08,04:24:47,1
39.991164,116.317661,0,92,39744.18394,10/23/08,04:24:52,1
39.991187,116.317874,0,90,39744.18399,10/23/08,04:24:57,1
39.991179,116.318083,0,90,39744.18405,10/23/08,04:25:02,1
39.991132,116.318231,0,95,39744.18411,10/23/08,04:25:07,1
39.991169,116.31848,0,97,39744.18417,10/23/08,04:25:12,1
39.991183,116.318691,0,90,39744.18422,10/23/08,04:25:17,1
39.991204,116.318904,0,94,39744.18428,10/23/08,04:25:22,1
39.991201,116.319098,0,88,39744.18434,10/23/08,04:25:27,1
39.991194,116.319315,0,86,39744.1844,10/23/08,04:25:32,1
39.991187,116.31949,0,87,39744.18446,10/23/08,04:25:37,1
39.991206,116.319683,0,87,39744.18451,10/23/08,04:25:42,1
39.991239,116.319866,0,81,39744.18457,10/23/08,04:25:47,1
39.991258,116.320062,0,73,39744.18463,10/23/08,04:25:52,1
39.991282,116.320255,0,71,39744.18469,10/23/08,04:25:57,1
39.991288,116.320445,0,66,39744.18475,10/23/08,04:26:02,1
39.991308,116.320622,0,59,39744.1848,10/23/08,04:26:07,1
39.991325,116.320803,0,51,39744.18486,10/23/08,04:26:12,1
39.991352,116.321002,0,50,39744.18492,10/23/08,04:26:17,1
39.991382,116.321179,0,47,39744.18498,10/23/08,04:26:22,1
39.991388,116.321384,0,53,39744.18503,10/23/08,04:26:27,1
39.991389,116.321583,0,53,39744.18509,10/23/08,04:26:32,1
39.991368,116.321736,0,52,39744.18515,10/23/08,04:26:37,1
39.99141,116.321874,0,51,39744.18521,10/23/08,04:26:42,1
39.991412,116.322004,0,55,39744.18527,10/23/08,04:26:47,1
39.991406,116.322176,0,67,39744.18532,10/23/08,04:26:52,1
39.991403,116.322296,0,70,39744.18538,10/23/08,04:26:57,1
39.991401,116.322436,0,70,39744.18544,10/23/08,04:27:02,1
39.991477,116.322668,0,66,39744.1855,10/23/08,04:27:07,1
39.991591,116.322784,0,74,39744.18556,10/23/08,04:27:12,1
39.991716,116.322778,0,80,39744.18561,10/23/08,04:27:17,1
39.991863,116.322774,0,83,39744.18567,10/23/08,04:27:22,1
39.992007,116.322784,0,90,39744.18573,10/23/08,04:27:27,1
39.992201,116.322812,0,98,39744.18579,10/23/08,04:27:32,1
39.992365,116.3228,0,117,39744.18584,10/23/08,04:27:37,1
39.992456,116.322797,0,139,39744.1859,10/23/08,04:27:42,1
39.9926,116.32281,0,153,39744.18596,10/23/08,04:27:47,1
39.992777,116.322891,0,148,39744.18602,10/23/08,04:27:52,1
39.992883,116.322891,0,150,39744.18608,10/23/08,04:27:57,1
39.993001,116.322713,0,153,39744.18613,10/23/08,04:28:02,1
39.993077,116.322617,0,159,39744.18619,10/23/08,04:28:07,1
39.993222,116.322651,0,157,39744.18625,10/23/08,04:28:12,1
39.993429,116.32276,0,161,39744.18631,10/23/08,04:28:17,1
39.993535,116.322744,0,170,39744.18637,10/23/08,04:28:22,1
39.99364,116.322658,0,179,39744.18642,10/23/08,04:28:27,1
39.993796,116.322579,0,186,39744.18648,10/23/08,04:28:32,1
39.994055,116.322804,0,168,39744.18654,10/23/08,04:28:37,1
39.994175,116.322829,0,160,39744.1866,10/23/08,04:28:42,1
39.994276,116.322786,0,153,39744.18666,10/23/08,04:28:47,1
39.994471,116.322763,0,156,39744.18671,10/23/08,04:28:52,1
39.994648,116.322723,0,148,39744.18677,10/23/08,04:28:57,1
39.99481,116.322641,0,145,39744.18683,10/23/08,04:29:02,1
39.994946,116.322625,0,147,39744.18689,10/23/08,04:29:07,1
39.995093,116.32262,0,145,39744.18694,10/23/08,04:29:12,1
39.995235,116.322606,0,145,39744.187,10/23/08,04:29:17,1
39.995392,116.322607,0,143,39744.18706,10/23/08,04:29:22,1
39.995567,116.322533,0,149,39744.18712,10/23/08,04:29:27,1
39.995718,116.32252,0,147,39744.18718,10/23/08,04:29:32,1
39.995852,116.322517,0,146,39744.18723,10/23/08,04:29:37,1
39.995993,116.322556,0,154,39744.18729,10/23/08,04:29:42,1
39.99611,116.322544,0,152,39744.18735,10/23/08,04:29:47,1
39.996234,116.322552,0,151,39744.18741,10/23/08,04:29:52,1
39.996392,116.322481,0,157,39744.18747,10/23/08,04:29:57,1
39.996534,116.322464,0,166,39744.18752,10/23/08,04:30:02,1
39.996632,116.322425,0,166,39744.18758,10/23/08,04:30:07,1
39.996645,116.322412,0,169,39744.18764,10/23/08,04:30:12,1
39.996725,116.322348,0,167,39744.1877,10/23/08,04:30:17,1
39.996881,116.322337,0,163,39744.18775,10/23/08,04:30:22,1
39.997081,116.322428,0,163,39744.18781,10/23/08,04:30:27,1
39.997277,116.322428,0,162,39744.18787,10/23/08,04:30:32,1
39.997592,116.322314,0,170,39744.18793,10/23/08,04:30:37,1
39.99775,116.322301,0,170,39744.18799,10/23/08,04:30:42,1
39.997865,116.322317,0,168,39744.18804,10/23/08,04:30:47,1
39.997988,116.32231,0,164,39744.1881,10/23/08,04:30:52,1
39.998151,116.322261,0,161,39744.18816,10/23/08,04:30:57,1
39.998307,116.322268,0,156,39744.18822,10/23/08,04:31:02,1
39.998452,116.322236,0,162,39744.18828,10/23/08,04:31:07,1
39.998603,116.322225,0,163,39744.18833,10/23/08,04:31:12,1
39.998753,116.322225,0,168,39744.18839,10/23/08,04:31:17,1
39.998895,116.322254,0,171,39744.18845,10/23/08,04:31:22,1
39.999078,116.322196,0,167,39744.18851,10/23/08,04:31:27,1
39.999218,116.322176,0,166,39744.18856,10/23/08,04:31:32,1
39.999364,116.322161,0,159,39744.18862,10/23/08,04:31:37,1
39.999484,116.322148,0,148,39744.18868,10/23/08,04:31:42,1
39.999607,116.322178,0,142,39744.18874,10/23/08,04:31:47,1
39.999602,116.322324,0,142,39744.1888,10/23/08,04:31:52,1
39.999603,116.322434,0,143,39744.18885,10/23/08,04:31:57,1
39.999586,116.322587,0,145,39744.18891,10/23/08,04:32:02,1
39.999573,116.32276,0,149,39744.18897,10/23/08,04:32:07,1
39.999572,116.322932,0,153,39744.18903,10/23/08,04:32:12,1
39.999565,116.323134,0,159,39744.18909,10/23/08,04:32:17,1
39.999569,116.32328,0,162,39744.18914,10/23/08,04:32:22,1
39.999575,116.323448,0,164,39744.1892,10/23/08,04:32:27,1
39.999568,116.323605,0,170,39744.18926,10/23/08,04:32:32,1
39.999558,116.323605,0,171,39744.18932,10/23/08,04:32:37,1
39.999581,116.323732,0,170,39744.18938,10/23/08,04:32:42,1
39.999653,116.324069,0,162,39744.18943,10/23/08,04:32:47,1
39.999678,116.324258,0,161,39744.18949,10/23/08,04:32:52,1
39.999646,116.324405,0,164,39744.18955,10/23/08,04:32:57,1
39.999676,116.324452,0,165,39744.18961,10/23/08,04:33:02,1
39.999678,116.324453,0,166,39744.18966,10/23/08,04:33:07,1
39.999682,116.324455,0,167,39744.18972,10/23/08,04:33:12,1
39.999682,116.324455,0,167,39744.18976,10/23/08,04:33:15,1
39.999676,116.324456,0,167,39744.18978,10/23/08,04:33:17,1
39.999641,116.32451,0,171,39744.18984,10/23/08,04:33:22,1
39.999662,116.324481,0,176,39744.1899,10/23/08,04:33:27,1
39.999651,116.324477,0,178,39744.18995,10/23/08,04:33:32,1
39.999664,116.324493,0,177,39744.19001,10/23/08,04:33:37,1
39.999684,116.324511,0,178,39744.19007,10/23/08,04:33:42,1
39.999684,116.324511,0,178,39744.1901,10/23/08,04:33:45,1
39.999678,116.324511,0,178,39744.19013,10/23/08,04:33:47,1
39.999667,116.324512,0,179,39744.19019,10/23/08,04:33:52,1
39.999655,116.324513,0,179,39744.19024,10/23/08,04:33:57,1
39.999703,116.324496,0,179,39744.1903,10/23/08,04:34:02,1
39.99956,116.324498,0,179,39744.19036,10/23/08,04:34:07,1
39.999506,116.324545,0,179,39744.19042,10/23/08,04:34:12,1
39.999516,116.324531,0,179,39744.19047,10/23/08,04:34:17,1
39.999567,116.324478,0,179,39744.19053,10/23/08,04:34:22,1
39.999573,116.3246,0,179,39744.19059,10/23/08,04:34:27,1
39.999538,116.324639,0,178,39744.19065,10/23/08,04:34:32,1
39.999598,116.324684,0,177,39744.19071,10/23/08,04:34:37,1
39.999666,116.324722,0,177,39744.19076,10/23/08,04:34:42,1
39.999729,116.324801,0,176,39744.19082,10/23/08,04:34:47,1
39.999769,116.324886,0,175,39744.19088,10/23/08,04:34:52,1
40.004775,116.320158,0,105,39744.40446,10/23/08,09:42:25,1
40.004783,116.320388,0,109,39744.40451,10/23/08,09:42:30,1
40.004799,116.320545,0,99,39744.40457,10/23/08,09:42:35,1
40.004835,116.320683,0,94,39744.40463,10/23/08,09:42:40,1
40.004851,116.320835,0,95,39744.40469,10/23/08,09:42:45,1
40.004868,116.32101,0,94,39744.40475,10/23/08,09:42:50,1
40.004849,116.321153,0,102,39744.4048,10/23/08,09:42:55,1
40.004879,116.321277,0,110,39744.40486,10/23/08,09:43:00,1
40.004962,116.321318,0,118,39744.40492,10/23/08,09:43:05,1
40.005088,116.32128,0,128,39744.40498,10/23/08,09:43:10,1
40.00525,116.32126,0,142,39744.40503,10/23/08,09:43:15,1
40.005455,116.321389,0,145,39744.40509,10/23/08,09:43:20,1
40.005621,116.321455,0,146,39744.40515,10/23/08,09:43:25,1
40.005738,116.321491,0,148,39744.40521,10/23/08,09:43:30,1
40.005883,116.321518,0,147,39744.40527,10/23/08,09:43:35,1
40.006051,116.321521,0,151,39744.40532,10/23/08,09:43:40,1
40.006178,116.321463,0,151,39744.40538,10/23/08,09:43:45,1
40.00633,116.321461,0,153,39744.40544,10/23/08,09:43:50,1
40.006482,116.321474,0,149,39744.4055,10/23/08,09:43:55,1
40.006631,116.321459,0,143,39744.40556,10/23/08,09:44:00,1
40.006813,116.321447,0,137,39744.40561,10/23/08,09:44:05,1
40.006974,116.321454,0,143,39744.40567,10/23/08,09:44:10,1
40.007122,116.321396,0,152,39744.40573,10/23/08,09:44:15,1
40.007235,116.321356,0,165,39744.40579,10/23/08,09:44:20,1
40.00741,116.321395,0,174,39744.40584,10/23/08,09:44:25,1
40.007571,116.321412,0,180,39744.4059,10/23/08,09:44:30,1
40.007715,116.321414,0,179,39744.40596,10/23/08,09:44:35,1
40.007862,116.321426,0,182,39744.40602,10/23/08,09:44:40,1
40.008034,116.321437,0,186,39744.40608,10/23/08,09:44:45,1
40.00817,116.321441,0,189,39744.40613,10/23/08,09:44:50,1
40.008337,116.321425,0,196,39744.40619,10/23/08,09:44:55,1
40.008515,116.321421,0,173,39744.40625,10/23/08,09:45:00,1
40.008668,116.321446,0,148,39744.40631,10/23/08,09:45:05,1
40.008782,116.321443,0,152,39744.40637,10/23/08,09:45:10,1
40.008843,116.321385,0,156,39744.40642,10/23/08,09:45:15,1
40.008884,116.321402,0,165,39744.40648,10/23/08,09:45:20,1
40.00895,116.321449,0,150,39744.40654,10/23/08,09:45:25,1
40.009006,116.321502,0,141,39744.4066,10/23/08,09:45:30,1
40.009026,116.321564,0,147,39744.40666,10/23/08,09:45:35,1
40.009011,116.321623,0,146,39744.40671,10/23/08,09:45:40,1
40.009021,116.321625,0,143,39744.40677,10/23/08,09:45:45,1
40.009021,116.321625,0,143,39744.40681,10/23/08,09:45:48,1
40.00902,116.321631,0,145,39744.40683,10/23/08,09:45:50,1
40.009013,116.321659,0,145,39744.40689,10/23/08,09:45:55,1
40.008921,116.321484,0,142,39744.40926,10/23/08,09:49:20,1
40.008582,116.322217,0,239,39744.40949,10/23/08,09:49:40,1
40.008481,116.32244,0,217,39744.40955,10/23/08,09:49:45,1
40.008496,116.322406,0,216,39744.40961,10/23/08,09:49:50,1
40.00888,116.321628,0,167,39744.40966,10/23/08,09:49:55,1
40.00898,116.321587,0,140,39744.40972,10/23/08,09:50:00,1
40.00898,116.321544,0,133,39744.40978,10/23/08,09:50:05,1
40.008984,116.321525,0,134,39744.40984,10/23/08,09:50:10,1
40.008984,116.321525,0,134,39744.40987,10/23/08,09:50:13,1
40.008982,116.321517,0,134,39744.4099,10/23/08,09:50:15,1
40.008958,116.321457,0,134,39744.40995,10/23/08,09:50:20,1
40.008971,116.321436,0,133,39744.41001,10/23/08,09:50:25,1
40.009022,116.321434,0,133,39744.41007,10/23/08,09:50:30,1
40.009025,116.321374,0,130,39744.41013,10/23/08,09:50:35,1
40.00903,116.321397,0,129,39744.41019,10/23/08,09:50:40,1
40.009062,116.321462,0,131,39744.41024,10/23/08,09:50:45,1
40.009081,116.321486,0,133,39744.4103,10/23/08,09:50:50,1
40.00908,116.321479,0,134,39744.41036,10/23/08,09:50:55,1
40.00908,116.321479,0,134,39744.41039,10/23/08,09:50:58,1
40.009081,116.321481,0,134,39744.41042,10/23/08,09:51:00,1
40.009083,116.321491,0,134,39744.41047,10/23/08,09:51:05,1
40.009094,116.32152,0,134,39744.41053,10/23/08,09:51:10,1
40.009072,116.321585,0,142,39744.41059,10/23/08,09:51:15,1
40.009083,116.321467,0,140,39744.41065,10/23/08,09:51:20,1
40.00908,116.321442,0,141,39744.41071,10/23/08,09:51:25,1
40.009087,116.321453,0,142,39744.41076,10/23/08,09:51:30,1
40.009065,116.321479,0,147,39744.41082,10/23/08,09:51:35,1
40.009071,116.321517,0,145,39744.41088,10/23/08,09:51:40,1
40.009075,116.32156,0,144,39744.41094,10/23/08,09:51:45,1
40.009105,116.321616,0,143,39744.411,10/23/08,09:51:50,1
40.00908,116.32156,0,143,39744.41105,10/23/08,09:51:55,1
40.009031,116.321491,0,142,39744.41111,10/23/08,09:52:00,1
40.008995,116.321407,0,142,39744.41117,10/23/08,09:52:05,1
40.008995,116.321407,0,142,39744.4112,10/23/08,09:52:08,1
40.008999,116.321412,0,142,39744.41123,10/23/08,09:52:10,1
40.008997,116.321399,0,142,39744.41128,10/23/08,09:52:15,1
40.008994,116.321389,0,143,39744.41134,10/23/08,09:52:20,1
40.008994,116.321389,0,143,39744.41138,10/23/08,09:52:23,1
40.008995,116.321392,0,143,39744.4114,10/23/08,09:52:25,1
40.009235,116.321472,0,143,39744.41146,10/23/08,09:52:30,1
40.009268,116.321446,0,146,39744.41152,10/23/08,09:52:35,1
40.00927,116.321447,0,146,39744.41157,10/23/08,09:52:40,1
40.00927,116.321447,0,146,39744.41161,10/23/08,09:52:43,1
40.009272,116.321451,0,146,39744.41163,10/23/08,09:52:45,1
40.00928,116.321473,0,146,39744.41169,10/23/08,09:52:50,1
40.009278,116.32147,0,146,39744.4117,10/23/08,09:52:51,1
40.009242,116.321445,0,145,39744.41176,10/23/08,09:52:56,1
40.009187,116.32143,0,144,39744.41182,10/23/08,09:53:01,1
40.009098,116.321437,0,142,39744.41188,10/23/08,09:53:06,1
40.009045,116.321485,0,143,39744.41193,10/23/08,09:53:11,1
40.009008,116.321449,0,140,39744.41199,10/23/08,09:53:16,1
40.008993,116.321501,0,139,39744.41205,10/23/08,09:53:21,1
40.009017,116.321558,0,138,39744.41211,10/23/08,09:53:26,1
40.008999,116.321511,0,135,39744.41216,10/23/08,09:53:31,1
40.008999,116.321511,0,135,39744.4122,10/23/08,09:53:34,1
40.008997,116.321518,0,135,39744.41222,10/23/08,09:53:36,1
40.008999,116.321537,0,135,39744.41228,10/23/08,09:53:41,1
40.009026,116.321518,0,133,39744.41234,10/23/08,09:53:46,1
40.009009,116.321499,0,133,39744.4124,10/23/08,09:53:51,1
40.009009,116.321499,0,133,39744.41243,10/23/08,09:53:54,1
40.009011,116.321506,0,133,39744.41245,10/23/08,09:53:56,1
40.009013,116.321522,0,133,39744.41251,10/23/08,09:54:01,1
40.009012,116.321576,0,133,39744.41257,10/23/08,09:54:06,1
40.009034,116.321569,0,133,39744.41263,10/23/08,09:54:11,1
40.009034,116.321569,0,133,39744.41266,10/23/08,09:54:14,1
40.009038,116.321575,0,133,39744.41269,10/23/08,09:54:16,1
40.009024,116.321614,0,132,39744.41274,10/23/08,09:54:21,1
40.009015,116.321526,0,134,39744.4128,10/23/08,09:54:26,1
40.008997,116.321432,0,131,39744.41286,10/23/08,09:54:31,1
40.008995,116.321455,0,131,39744.41292,10/23/08,09:54:36,1
40.008997,116.321485,0,132,39744.41297,10/23/08,09:54:41,1
40.009032,116.32151,0,130,39744.41303,10/23/08,09:54:46,1
40.009074,116.32148,0,129,39744.41309,10/23/08,09:54:51,1
40.009101,116.32153,0,128,39744.41315,10/23/08,09:54:56,1
40.009157,116.321596,0,127,39744.41321,10/23/08,09:55:01,1
40.009219,116.321657,0,130,39744.41326,10/23/08,09:55:06,1
40.009247,116.321721,0,139,39744.41332,10/23/08,09:55:11,1
40.009273,116.321781,0,145,39744.41338,10/23/08,09:55:16,1
40.009313,116.321871,0,154,39744.41344,10/23/08,09:55:21,1
40.009344,116.321952,0,159,39744.4135,10/23/08,09:55:26,1
40.009356,116.322007,0,164,39744.41355,10/23/08,09:55:31,1
40.009386,116.322103,0,163,39744.41361,10/23/08,09:55:36,1
40.009356,116.322121,0,165,39744.41367,10/23/08,09:55:41,1
40.009353,116.322135,0,165,39744.41373,10/23/08,09:55:46,1
40.009319,116.322152,0,165,39744.41378,10/23/08,09:55:51,1
40.009394,116.322162,0,168,39744.41384,10/23/08,09:55:56,1
40.009399,116.322179,0,168,39744.4139,10/23/08,09:56:01,1
40.009344,116.32219,0,167,39744.41396,10/23/08,09:56:06,1
40.009342,116.322177,0,166,39744.41402,10/23/08,09:56:11,1
40.009318,116.32219,0,164,39744.41407,10/23/08,09:56:16,1
40.009287,116.322206,0,162,39744.41413,10/23/08,09:56:21,1
40.00927,116.32222,0,165,39744.41419,10/23/08,09:56:26,1
40.009351,116.321916,0,158,39744.4181,10/23/08,10:02:04,1
40.009336,116.321838,0,157,39744.41816,10/23/08,10:02:09,1
40.009331,116.321811,0,150,39744.41822,10/23/08,10:02:14,1
40.009314,116.321823,0,152,39744.41828,10/23/08,10:02:19,1
40.009314,116.321833,0,151,39744.41833,10/23/08,10:02:24,1
40.009316,116.32185,0,150,39744.41839,10/23/08,10:02:29,1
40.009428,116.320888,0,140,39744.4192,10/23/08,10:03:39,1
40.008854,116.321493,0,172,39744.41926,10/23/08,10:03:44,1
40.008848,116.321349,0,180,39744.41932,10/23/08,10:03:49,1
40.008874,116.32116,0,130,39744.41938,10/23/08,10:03:54,1
40.008852,116.321109,0,112,39744.41943,10/23/08,10:03:59,1
40.008786,116.321037,0,120,39744.41949,10/23/08,10:04:04,1
40.008767,116.321012,0,127,39744.41955,10/23/08,10:04:09,1
40.008735,116.320977,0,118,39744.41961,10/23/08,10:04:14,1
40.008694,116.320964,0,117,39744.41966,10/23/08,10:04:19,1
40.008665,116.320937,0,121,39744.41972,10/23/08,10:04:24,1
40.008635,116.320886,0,118,39744.41978,10/23/08,10:04:29,1
40.008612,116.32083,0,120,39744.41984,10/23/08,10:04:34,1
40.008591,116.3208,0,119,39744.4199,10/23/08,10:04:39,1
40.008574,116.320772,0,119,39744.41995,10/23/08,10:04:44,1
40.008521,116.320688,0,118,39744.42001,10/23/08,10:04:49,1
40.008471,116.320669,0,118,39744.42007,10/23/08,10:04:54,1
40.008419,116.320654,0,118,39744.42013,10/23/08,10:04:59,1
40.008362,116.320619,0,119,39744.42019,10/23/08,10:05:04,1
40.008348,116.320573,0,119,39744.42024,10/23/08,10:05:09,1
40.008309,116.320547,0,118,39744.4203,10/23/08,10:05:14,1
40.008281,116.320543,0,114,39744.42036,10/23/08,10:05:19,1
40.008234,116.320499,0,115,39744.42042,10/23/08,10:05:24,1
40.008163,116.320473,0,123,39744.42047,10/23/08,10:05:29,1
40.008129,116.320418,0,123,39744.42053,10/23/08,10:05:34,1
40.008121,116.320359,0,122,39744.42059,10/23/08,10:05:39,1
40.008069,116.320335,0,125,39744.42065,10/23/08,10:05:44,1
40.008027,116.320309,0,125,39744.42071,10/23/08,10:05:49,1
40.00801,116.320287,0,126,39744.42076,10/23/08,10:05:54,1
40.007959,116.320241,0,130,39744.42082,10/23/08,10:05:59,1
40.007947,116.320238,0,131,39744.42088,10/23/08,10:06:04,1
40.007879,116.320237,0,134,39744.42094,10/23/08,10:06:09,1
40.007826,116.320239,0,136,39744.421,10/23/08,10:06:14,1
40.007818,116.320239,0,137,39744.42105,10/23/08,10:06:19,1
40.007818,116.320239,0,137,39744.42109,10/23/08,10:06:22,1
40.007819,116.32024,0,138,39744.42111,10/23/08,10:06:24,1
40.007817,116.32023,0,138,39744.42117,10/23/08,10:06:29,1
40.007834,116.320181,0,138,39744.42123,10/23/08,10:06:34,1
40.007761,116.320093,0,135,39744.42128,10/23/08,10:06:39,1
40.007661,116.319986,0,134,39744.42134,10/23/08,10:06:44,1
40.007623,116.319953,0,134,39744.4214,10/23/08,10:06:49,1
40.007623,116.319953,0,134,39744.42144,10/23/08,10:06:52,1
40.007621,116.31995,0,134,39744.42146,10/23/08,10:06:54,1
40.007575,116.31987,0,134,39744.42152,10/23/08,10:06:59,1
40.007551,116.319732,0,133,39744.42157,10/23/08,10:07:04,1
40.007526,116.31965,0,132,39744.42163,10/23/08,10:07:09,1
40.007468,116.319517,0,132,39744.42169,10/23/08,10:07:14,1
40.007465,116.319506,0,132,39744.42175,10/23/08,10:07:19,1
40.007462,116.319493,0,132,39744.42177,10/23/08,10:07:21,1
40.007459,116.319436,0,131,39744.42183,10/23/08,10:07:26,1
40.007453,116.319403,0,131,39744.42189,10/23/08,10:07:31,1
40.007454,116.319391,0,130,39744.42194,10/23/08,10:07:36,1
40.007474,116.319376,0,130,39744.422,10/23/08,10:07:41,1
40.0075,116.319364,0,130,39744.42206,10/23/08,10:07:46,1
40.007524,116.319357,0,130,39744.42212,10/23/08,10:07:51,1
40.007524,116.319321,0,130,39744.42218,10/23/08,10:07:56,1
40.007517,116.319312,0,130,39744.42223,10/23/08,10:08:01,1
40.007551,116.319307,0,130,39744.42229,10/23/08,10:08:06,1
40.007551,116.319307,0,130,39744.42233,10/23/08,10:08:09,1
40.007555,116.319313,0,130,39744.42235,10/23/08,10:08:11,1
40.00759,116.31934,0,130,39744.42241,10/23/08,10:08:16,1
40.00761,116.319355,0,130,39744.42247,10/23/08,10:08:21,1
40.007615,116.319369,0,130,39744.42252,10/23/08,10:08:26,1
40.007621,116.319385,0,130,39744.42258,10/23/08,10:08:31,1
40.007644,116.319403,0,130,39744.42264,10/23/08,10:08:36,1
40.007663,116.319417,0,130,39744.4227,10/23/08,10:08:41,1
40.007663,116.319417,0,130,39744.42273,10/23/08,10:08:44,1
40.007669,116.319414,0,130,39744.42275,10/23/08,10:08:46,1
40.007661,116.319384,0,130,39744.42281,10/23/08,10:08:51,1
40.007654,116.319321,0,130,39744.42287,10/23/08,10:08:56,1
40.007654,116.319266,0,130,39744.42293,10/23/08,10:09:01,1
40.00767,116.319215,0,130,39744.42299,10/23/08,10:09:06,1
40.007694,116.319181,0,130,39744.42304,10/23/08,10:09:11,1
40.007699,116.319151,0,130,39744.4231,10/23/08,10:09:16,1
40.007272,116.319756,0,129,39744.42322,10/23/08,10:09:26,1
40.007331,116.319657,0,129,39744.42328,10/23/08,10:09:31,1
40.007428,116.319432,0,130,39744.42339,10/23/08,10:09:41,1
40.007395,116.319354,0,125,39744.42345,10/23/08,10:09:46,1
40.007447,116.319379,0,121,39744.42351,10/23/08,10:09:51,1
40.007479,116.319371,0,117,39744.42356,10/23/08,10:09:56,1
40.007516,116.319316,0,112,39744.42362,10/23/08,10:10:01,1
40.007575,116.319238,0,111,39744.42368,10/23/08,10:10:06,1
40.007288,116.319088,0,125,39744.42397,10/23/08,10:10:31,1
40.007288,116.319088,0,125,39744.424,10/23/08,10:10:34,1
40.007284,116.319084,0,133,39744.42403,10/23/08,10:10:36,1
40.007298,116.319036,0,138,39744.42409,10/23/08,10:10:41,1
40.007365,116.31903,0,144,39744.42414,10/23/08,10:10:46,1
40.007416,116.319007,0,147,39744.4242,10/23/08,10:10:51,1
40.007482,116.318957,0,147,39744.42426,10/23/08,10:10:56,1
40.007548,116.318852,0,144,39744.42432,10/23/08,10:11:01,1
40.007627,116.318775,0,139,39744.42438,10/23/08,10:11:06,1
40.007718,116.318705,0,135,39744.42443,10/23/08,10:11:11,1
40.007808,116.318623,0,131,39744.42449,10/23/08,10:11:16,1
40.007877,116.318546,0,127,39744.42455,10/23/08,10:11:21,1
40.007945,116.318487,0,125,39744.42461,10/23/08,10:11:26,1
40.00803,116.318444,0,123,39744.42466,10/23/08,10:11:31,1
40.008125,116.318365,0,122,39744.42472,10/23/08,10:11:36,1
40.008215,116.318248,0,120,39744.42478,10/23/08,10:11:41,1
40.008168,116.318293,0,120,39744.42484,10/23/08,10:11:46,1
40.008015,116.318471,0,117,39744.4249,10/23/08,10:11:51,1
40.008049,116.318444,0,114,39744.42495,10/23/08,10:11:56,1
40.008064,116.31838,0,111,39744.42501,10/23/08,10:12:01,1
40.008118,116.318326,0,109,39744.42507,10/23/08,10:12:06,1
40.008197,116.318275,0,106,39744.42513,10/23/08,10:12:11,1
40.008289,116.318251,0,104,39744.42519,10/23/08,10:12:16,1
40.008305,116.318267,0,101,39744.42524,10/23/08,10:12:21,1
40.008276,116.318339,0,98,39744.4253,10/23/08,10:12:26,1
40.008184,116.318474,0,95,39744.42536,10/23/08,10:12:31,1
40.008071,116.318568,0,91,39744.42542,10/23/08,10:12:36,1
40.007954,116.318639,0,87,39744.42547,10/23/08,10:12:41,1
40.007884,116.318684,0,82,39744.42553,10/23/08,10:12:46,1
40.007867,116.318699,0,77,39744.42559,10/23/08,10:12:51,1
40.007835,116.318706,0,72,39744.42565,10/23/08,10:12:56,1
40.007717,116.318842,0,71,39744.42571,10/23/08,10:13:01,1
40.007726,116.318826,0,66,39744.42576,10/23/08,10:13:06,1
40.007721,116.318792,0,61,39744.42582,10/23/08,10:13:11,1
40.007753,116.318741,0,58,39744.42588,10/23/08,10:13:16,1
40.007803,116.318672,0,59,39744.42594,10/23/08,10:13:21,1
40.007852,116.318565,0,60,39744.426,10/23/08,10:13:26,1
40.007925,116.318494,0,62,39744.42605,10/23/08,10:13:31,1
40.008019,116.318455,0,64,39744.42611,10/23/08,10:13:36,1
40.006977,116.319607,0,134,39744.42663,10/23/08,10:14:21,1
40.007203,116.319334,0,139,39744.42669,10/23/08,10:14:26,1
40.00735,116.319131,0,140,39744.42675,10/23/08,10:14:31,1
40.007504,116.318956,0,140,39744.42681,10/23/08,10:14:36,1
40.007611,116.318793,0,140,39744.42686,10/23/08,10:14:41,1
40.007773,116.31865,0,140,39744.42692,10/23/08,10:14:46,1
40.007966,116.31854,0,140,39744.42698,10/23/08,10:14:51,1
40.007399,116.31912,0,131,39744.42715,10/23/08,10:15:06,1
40.007411,116.319124,0,112,39744.42721,10/23/08,10:15:11,1
40.00744,116.31909,0,92,39744.42727,10/23/08,10:15:16,1
40.007496,116.319085,0,70,39744.42733,10/23/08,10:15:21,1
40.00754,116.31909,0,61,39744.42738,10/23/08,10:15:26,1
40.007619,116.319094,0,59,39744.42744,10/23/08,10:15:31,1
40.007648,116.319041,0,22,39744.4275,10/23/08,10:15:36,4
40.007681,116.318962,0,-30,39744.42756,10/23/08,10:15:41,4
40.007724,116.318892,0,-76,39744.42762,10/23/08,10:15:46,4
40.007766,116.318825,0,-155,39744.42767,10/23/08,10:15:51,4
40.007809,116.318799,0,-218,39744.42773,10/23/08,10:15:56,4
40.007849,116.318754,0,-278,39744.42779,10/23/08,10:16:01,4
40.007905,116.31869,0,-336,39744.42785,10/23/08,10:16:06,4
40.007878,116.318784,0,-145,39744.42929,10/23/08,10:18:11,4
40.007616,116.318863,0,119,39744.42935,10/23/08,10:18:16,4
40.007692,116.318817,0,134,39744.42941,10/23/08,10:18:21,4
40.007794,116.318827,0,136,39744.42947,10/23/08,10:18:26,4
40.007898,116.318829,0,137,39744.42953,10/23/08,10:18:31,4
40.007981,116.318788,0,138,39744.42958,10/23/08,10:18:36,4
40.008009,116.318763,0,138,39744.42964,10/23/08,10:18:41,4
40.008031,116.318756,0,138,39744.4297,10/23/08,10:18:46,4
40.008055,116.318753,0,138,39744.42976,10/23/08,10:18:51,4
40.008237,116.318816,0,135,39744.42981,10/23/08,10:18:56,4
40.008306,116.318941,0,127,39744.42987,10/23/08,10:19:01,4
40.008283,116.318897,0,123,39744.42993,10/23/08,10:19:06,4
40.0083,116.318936,0,118,39744.42999,10/23/08,10:19:11,4
40.007645,116.319454,0,121,39744.43005,10/23/08,10:19:16,4
40.007582,116.319409,0,127,39744.4301,10/23/08,10:19:21,1
40.007581,116.319385,0,138,39744.43016,10/23/08,10:19:26,1
40.007612,116.319403,0,150,39744.43022,10/23/08,10:19:31,1
40.007694,116.319429,0,161,39744.43028,10/23/08,10:19:36,1
40.007778,116.319475,0,174,39744.43034,10/23/08,10:19:41,1
40.007876,116.319505,0,182,39744.43039,10/23/08,10:19:46,1
40.007974,116.319529,0,185,39744.43045,10/23/08,10:19:51,1
40.008096,116.319537,0,188,39744.43051,10/23/08,10:19:56,1
40.008196,116.319549,0,188,39744.43057,10/23/08,10:20:01,1
40.008292,116.319591,0,185,39744.43063,10/23/08,10:20:06,1
40.008369,116.319618,0,183,39744.43068,10/23/08,10:20:11,1
40.008421,116.319597,0,182,39744.43074,10/23/08,10:20:16,1
40.008452,116.319548,0,180,39744.4308,10/23/08,10:20:21,1
40.008503,116.319525,0,179,39744.43086,10/23/08,10:20:26,1
40.008544,116.31949,0,178,39744.43091,10/23/08,10:20:31,1
40.008601,116.319482,0,175,39744.43097,10/23/08,10:20:36,1
40.008617,116.319483,0,175,39744.43103,10/23/08,10:20:41,1
40.008617,116.319483,0,175,39744.43106,10/23/08,10:20:44,1
40.008625,116.319489,0,175,39744.43109,10/23/08,10:20:46,1
40.00864,116.319488,0,175,39744.4312,10/23/08,10:20:56,1
40.008645,116.319484,0,174,39744.43126,10/23/08,10:21:01,1
40.008645,116.319484,0,174,39744.4313,10/23/08,10:21:04,1
40.008649,116.319481,0,174,39744.43132,10/23/08,10:21:06,1
40.008669,116.319455,0,174,39744.43144,10/23/08,10:21:16,3
40.006747,116.318549,0,7584,39744.43513,10/23/08,10:26:35,3
40.006747,116.318549,0,7584,39744.43522,10/23/08,10:26:43,3
40.006755,116.318544,0,7558,39744.43524,10/23/08,10:26:45,3
40.006742,116.318571,0,7547,39744.4353,10/23/08,10:26:50,3
40.006744,116.31856,0,7546,39744.43536,10/23/08,10:26:55,3
40.006745,116.318572,0,7544,39744.43542,10/23/08,10:27:00,3
40.006745,116.318581,0,7544,39744.43547,10/23/08,10:27:05,3
40.006739,116.318568,0,7545,39744.43553,10/23/08,10:27:10,3
40.006722,116.318548,0,7545,39744.43559,10/23/08,10:27:15,3
40.006719,116.318565,0,7544,39744.43565,10/23/08,10:27:20,3
40.006724,116.318625,0,7544,39744.43571,10/23/08,10:27:25,3
40.006745,116.318817,0,7339,39744.43576,10/23/08,10:27:30,3
40.006715,116.318884,0,7316,39744.43582,10/23/08,10:27:35,3
40.006721,116.318965,0,7307,39744.43588,10/23/08,10:27:40,3
40.006753,116.319072,0,7295,39744.43594,10/23/08,10:27:45,3
40.006785,116.319175,0,7286,39744.436,10/23/08,10:27:50,3
40.00681,116.319239,0,7281,39744.43605,10/23/08,10:27:55,3
40.006849,116.319286,0,7278,39744.43611,10/23/08,10:28:00,3
40.006811,116.319309,0,7257,39744.43617,10/23/08,10:28:05,3
40.006789,116.319351,0,7242,39744.43623,10/23/08,10:28:10,3
40.006791,116.319398,0,7231,39744.43628,10/23/08,10:28:15,3
40.006828,116.319424,0,7235,39744.43634,10/23/08,10:28:20,3
40.006872,116.319419,0,7241,39744.4364,10/23/08,10:28:25,3
40.006893,116.319381,0,7247,39744.43646,10/23/08,10:28:30,1
40.006975,116.319294,0,7270,39744.43652,10/23/08,10:28:35,1
40.007457,116.319674,0,573,39744.43663,10/23/08,10:28:45,1
40.007457,116.319674,0,573,39744.43667,10/23/08,10:28:48,1
40.007458,116.319676,0,576,39744.43669,10/23/08,10:28:50,1
40.007479,116.319695,0,577,39744.43675,10/23/08,10:28:55,1
40.007572,116.319786,0,574,39744.43681,10/23/08,10:29:00,1
40.007582,116.319816,0,526,39744.43686,10/23/08,10:29:05,1
40.007621,116.319834,0,460,39744.43692,10/23/08,10:29:10,1
40.007629,116.31989,0,429,39744.43698,10/23/08,10:29:15,1
40.007634,116.319966,0,403,39744.43704,10/23/08,10:29:20,1
40.007646,116.32005,0,387,39744.43709,10/23/08,10:29:25,1
40.00766,116.320119,0,352,39744.43715,10/23/08,10:29:30,1
40.007686,116.320243,0,286,39744.43721,10/23/08,10:29:35,1
40.007748,116.320301,0,248,39744.43727,10/23/08,10:29:40,1
40.007802,116.320389,0,228,39744.43733,10/23/08,10:29:45,1
40.007819,116.320364,0,212,39744.43738,10/23/08,10:29:50,1
40.007853,116.320343,0,192,39744.43744,10/23/08,10:29:55,1
40.007912,116.320328,0,172,39744.4375,10/23/08,10:30:00,1
40.007978,116.320325,0,150,39744.43756,10/23/08,10:30:05,1
40.007999,116.320339,0,142,39744.43762,10/23/08,10:30:10,1
40.008036,116.320394,0,132,39744.43767,10/23/08,10:30:15,1
40.008125,116.320486,0,146,39744.43773,10/23/08,10:30:20,1
40.008172,116.320571,0,150,39744.43779,10/23/08,10:30:25,1
40.008182,116.320646,0,147,39744.43785,10/23/08,10:30:30,1
40.008226,116.320738,0,134,39744.43791,10/23/08,10:30:35,1
40.008236,116.32081,0,143,39744.43796,10/23/08,10:30:40,1
40.008306,116.320851,0,147,39744.43802,10/23/08,10:30:45,1
40.008373,116.320857,0,139,39744.43808,10/23/08,10:30:50,1
40.008418,116.320872,0,125,39744.43814,10/23/08,10:30:55,1
40.00846,116.320864,0,109,39744.43819,10/23/08,10:31:00,1
40.008507,116.320918,0,104,39744.43825,10/23/08,10:31:05,1
40.008535,116.320997,0,102,39744.43831,10/23/08,10:31:10,1
40.008565,116.321079,0,102,39744.43837,10/23/08,10:31:15,1
40.008619,116.321168,0,94,39744.43843,10/23/08,10:31:20,1
40.008663,116.321249,0,93,39744.43848,10/23/08,10:31:25,1
40.008684,116.321297,0,88,39744.43854,10/23/08,10:31:30,1
40.008724,116.321395,0,92,39744.4386,10/23/08,10:31:35,1
40.008776,116.321462,0,91,39744.43866,10/23/08,10:31:40,1
40.008804,116.321504,0,86,39744.43872,10/23/08,10:31:45,1
40.008839,116.321516,0,82,39744.43877,10/23/08,10:31:50,1
40.008879,116.321555,0,89,39744.43883,10/23/08,10:31:55,1
40.008891,116.321571,0,94,39744.43889,10/23/08,10:32:00,1
40.008873,116.321615,0,97,39744.43895,10/23/08,10:32:05,1
40.008858,116.321677,0,90,39744.439,10/23/08,10:32:10,1
40.008864,116.321766,0,88,39744.43906,10/23/08,10:32:15,1
40.00887,116.321858,0,86,39744.43912,10/23/08,10:32:20,1
40.008864,116.321933,0,84,39744.43918,10/23/08,10:32:25,1
40.008862,116.322009,0,83,39744.43924,10/23/08,10:32:30,1
40.008855,116.322087,0,82,39744.43929,10/23/08,10:32:35,1
40.008873,116.322144,0,84,39744.43935,10/23/08,10:32:40,1
40.008874,116.322234,0,80,39744.43941,10/23/08,10:32:45,1
40.008869,116.322306,0,80,39744.43947,10/23/08,10:32:50,1
40.008835,116.322331,0,82,39744.43953,10/23/08,10:32:55,1
40.008814,116.322311,0,84,39744.43958,10/23/08,10:33:00,1
40.008813,116.3223,0,85,39744.43964,10/23/08,10:33:05,1
40.008813,116.3223,0,85,39744.43968,10/23/08,10:33:08,1
40.008821,116.322297,0,86,39744.4397,10/23/08,10:33:10,1
40.008833,116.322297,0,86,39744.43976,10/23/08,10:33:15,1
40.008842,116.322298,0,87,39744.43981,10/23/08,10:33:20,1
40.008761,116.323722,0,377,39744.44758,10/23/08,10:44:31,1
40.008765,116.32369,0,384,39744.44764,10/23/08,10:44:36,1
40.00865,116.323112,0,343,39744.4477,10/23/08,10:44:41,1
40.008786,116.322741,0,272,39744.44775,10/23/08,10:44:46,1
40.008889,116.322551,0,255,39744.44781,10/23/08,10:44:51,1
40.008962,116.322462,0,265,39744.44787,10/23/08,10:44:56,1
40.008988,116.322356,0,282,39744.44793,10/23/08,10:45:01,1
40.009068,116.322259,0,301,39744.44799,10/23/08,10:45:06,1
40.009107,116.322177,0,319,39744.44804,10/23/08,10:45:11,1
40.009086,116.322088,0,329,39744.4481,10/23/08,10:45:16,1
40.008929,116.321992,0,317,39744.44816,10/23/08,10:45:21,1
40.008849,116.32191,0,311,39744.44822,10/23/08,10:45:26,1
40.008799,116.32185,0,307,39744.44828,10/23/08,10:45:31,1
40.008827,116.321784,0,299,39744.44833,10/23/08,10:45:36,1
40.008862,116.321736,0,292,39744.44839,10/23/08,10:45:41,1
40.008898,116.321695,0,290,39744.44845,10/23/08,10:45:46,1
40.008901,116.321684,0,292,39744.44851,10/23/08,10:45:51,1
40.008905,116.321683,0,295,39744.44856,10/23/08,10:45:56,1
40.008905,116.321683,0,295,39744.4486,10/23/08,10:45:59,1
40.008905,116.321682,0,296,39744.44862,10/23/08,10:46:01,1
40.008934,116.321623,0,275,39744.44868,10/23/08,10:46:06,1
40.008945,116.321551,0,269,39744.44874,10/23/08,10:46:11,1
40.008851,116.321485,0,94,39744.46414,10/23/08,11:08:22,1
40.008607,116.321862,0,-355,39744.46484,10/23/08,11:09:22,1
40.008652,116.322251,0,-407,39744.4649,10/23/08,11:09:27,1
40.008897,116.321603,0,-54,39744.46559,10/23/08,11:10:27,1
40.008928,116.32161,0,-21,39744.46565,10/23/08,11:10:32,1
40.009013,116.321431,0,92,39744.46571,10/23/08,11:10:37,1
40.009027,116.321399,0,93,39744.46576,10/23/08,11:10:42,1
40.009064,116.321326,0,90,39744.46582,10/23/08,11:10:47,1
40.009172,116.321211,0,88,39744.46588,10/23/08,11:10:52,1
40.009204,116.32113,0,86,39744.46594,10/23/08,11:10:57,0
40.009243,116.32105,0,85,39744.466,10/23/08,11:11:02,1
40.009269,116.320978,0,84,39744.46605,10/23/08,11:11:07,1
40.009328,116.320887,0,83,39744.46611,10/23/08,11:11:12,1